,Time,Value,Series
0,2019-07-15 00:00:00,3.3,predicted
1,2019-07-15 00:01:00,3.49,predicted
2,2019-07-15 00:02:00,2.48,predicted
3,2019-07-15 00:03:00,3.46,predicted
4,2019-07-15 00:04:00,2.11,predicted
5,2019-07-15 00:05:00,2.31,predicted
6,2019-07-15 00:06:00,2.24,predicted
7,2019-07-15 00:07:00,4.57,predicted
8,2019-07-15 00:08:00,5.54,predicted
9,2019-07-15 00:09:00,3.13,predicted
10,2019-07-15 00:10:00,3.37,predicted
11,2019-07-15 00:11:00,3.1,predicted
12,2019-07-15 00:12:00,3.26,predicted
13,2019-07-15 00:13:00,4.84,predicted
14,2019-07-15 00:14:00,2.78,predicted
15,2019-07-15 00:15:00,4.51,predicted
16,2019-07-15 00:16:00,2.73,predicted
17,2019-07-15 00:17:00,5.42,predicted
18,2019-07-15 00:18:00,4.12,predicted
19,2019-07-15 00:19:00,3.68,predicted
20,2019-07-15 00:20:00,2.18,predicted
21,2019-07-15 00:21:00,4.94,predicted
22,2019-07-15 00:22:00,2.05,predicted
23,2019-07-15 00:23:00,2.29,predicted
24,2019-07-15 00:24:00,2.21,predicted
25,2019-07-15 00:25:00,4.43,predicted
26,2019-07-15 00:26:00,5.16,predicted
27,2019-07-15 00:27:00,3.01,predicted
28,2019-07-15 00:28:00,4.91,predicted
29,2019-07-15 00:29:00,5.54,predicted
30,2019-07-15 00:30:00,2.25,predicted
31,2019-07-15 00:31:00,3.85,predicted
32,2019-07-15 00:32:00,3.75,predicted
33,2019-07-15 00:33:00,3.37,predicted
34,2019-07-15 00:34:00,4.64,predicted
35,2019-07-15 00:35:00,4.51,predicted
36,2019-07-15 00:36:00,5.46,predicted
37,2019-07-15 00:37:00,5.49,predicted
38,2019-07-15 00:38:00,3.46,predicted
39,2019-07-15 00:39:00,3.23,predicted
40,2019-07-15 00:40:00,5.7,predicted
41,2019-07-15 00:41:00,5.15,predicted
42,2019-07-15 00:42:00,3.58,predicted
43,2019-07-15 00:43:00,4.41,predicted
44,2019-07-15 00:44:00,2.04,predicted
45,2019-07-15 00:45:00,3.65,predicted
46,2019-07-15 00:46:00,5.83,predicted
47,2019-07-15 00:47:00,4.8,predicted
48,2019-07-15 00:48:00,5.78,predicted
49,2019-07-15 00:49:00,4.77,predicted
50,2019-07-15 00:50:00,5.58,predicted
51,2019-07-15 00:51:00,3.6,predicted
52,2019-07-15 00:52:00,4.61,predicted
53,2019-07-15 00:53:00,3.31,predicted
54,2019-07-15 00:54:00,4.03,predicted
55,2019-07-15 00:55:00,3.13,predicted
56,2019-07-15 00:56:00,3.28,predicted
57,2019-07-15 00:57:00,4.19,predicted
58,2019-07-15 00:58:00,2.34,predicted
59,2019-07-15 00:59:00,5.44,predicted
60,2019-07-15 01:00:00,5.53,predicted
61,2019-07-15 01:01:00,2.31,predicted
62,2019-07-15 01:02:00,4.11,predicted
63,2019-07-15 01:03:00,3.78,predicted
64,2019-07-15 01:04:00,2.68,predicted
65,2019-07-15 01:05:00,5.69,predicted
66,2019-07-15 01:06:00,2.87,predicted
67,2019-07-15 01:07:00,3.88,predicted
68,2019-07-15 01:08:00,4.28,predicted
69,2019-07-15 01:09:00,5.73,predicted
70,2019-07-15 01:10:00,4.62,predicted
71,2019-07-15 01:11:00,5.73,predicted
72,2019-07-15 01:12:00,2.7,predicted
73,2019-07-15 01:13:00,3.08,predicted
74,2019-07-15 01:14:00,3.3,predicted
75,2019-07-15 01:15:00,5.44,predicted
76,2019-07-15 01:16:00,5.65,predicted
77,2019-07-15 01:17:00,4.67,predicted
78,2019-07-15 01:18:00,3.29,predicted
79,2019-07-15 01:19:00,5.19,predicted
80,2019-07-15 01:20:00,4.38,predicted
81,2019-07-15 01:21:00,4.38,predicted
82,2019-07-15 01:22:00,5.4,predicted
83,2019-07-15 01:23:00,5.41,predicted
84,2019-07-15 01:24:00,5.4,predicted
85,2019-07-15 01:25:00,4.43,predicted
86,2019-07-15 01:26:00,3.69,predicted
87,2019-07-15 01:27:00,2.2,predicted
88,2019-07-15 01:28:00,3.41,predicted
89,2019-07-15 01:29:00,5.37,predicted
90,2019-07-15 01:30:00,4.88,predicted
91,2019-07-15 01:31:00,4.06,predicted
92,2019-07-15 01:32:00,4.04,predicted
93,2019-07-15 01:33:00,2.21,predicted
94,2019-07-15 01:34:00,2.31,predicted
95,2019-07-15 01:35:00,2.39,predicted
96,2019-07-15 01:36:00,5.18,predicted
97,2019-07-15 01:37:00,3.23,predicted
98,2019-07-15 01:38:00,5.19,predicted
99,2019-07-15 01:39:00,3.32,predicted
100,2019-07-15 01:40:00,5.88,predicted
101,2019-07-15 01:41:00,5.51,predicted
102,2019-07-15 01:42:00,5.54,predicted
103,2019-07-15 01:43:00,4.99,predicted
104,2019-07-15 01:44:00,3.43,predicted
105,2019-07-15 01:45:00,3.31,predicted
106,2019-07-15 01:46:00,3.68,predicted
107,2019-07-15 01:47:00,5.6,predicted
108,2019-07-15 01:48:00,3.32,predicted
109,2019-07-15 01:49:00,3.32,predicted
110,2019-07-15 01:50:00,4.79,predicted
111,2019-07-15 01:51:00,4.25,predicted
112,2019-07-15 01:52:00,2.6,predicted
113,2019-07-15 01:53:00,3.12,predicted
114,2019-07-15 01:54:00,3.82,predicted
115,2019-07-15 01:55:00,3.73,predicted
116,2019-07-15 01:56:00,2.73,predicted
117,2019-07-15 01:57:00,5.61,predicted
118,2019-07-15 01:58:00,3.55,predicted
119,2019-07-15 01:59:00,3.7,predicted
120,2019-07-15 02:00:00,2.57,predicted
121,2019-07-15 02:01:00,2.02,predicted
122,2019-07-15 02:02:00,5.74,predicted
123,2019-07-15 02:03:00,5.45,predicted
124,2019-07-15 02:04:00,4.67,predicted
125,2019-07-15 02:05:00,5.31,predicted
126,2019-07-15 02:06:00,2.74,predicted
127,2019-07-15 02:07:00,4.08,predicted
128,2019-07-15 02:08:00,4.08,predicted
129,2019-07-15 02:09:00,2.45,predicted
130,2019-07-15 02:10:00,5.47,predicted
131,2019-07-15 02:11:00,3.08,predicted
132,2019-07-15 02:12:00,2.98,predicted
133,2019-07-15 02:13:00,5.16,predicted
134,2019-07-15 02:14:00,3.5,predicted
135,2019-07-15 02:15:00,3.54,predicted
136,2019-07-15 02:16:00,5.57,predicted
137,2019-07-15 02:17:00,5.22,predicted
138,2019-07-15 02:18:00,3.95,predicted
139,2019-07-15 02:19:00,3.69,predicted
140,2019-07-15 02:20:00,5.13,predicted
141,2019-07-15 02:21:00,2.29,predicted
142,2019-07-15 02:22:00,3.68,predicted
143,2019-07-15 02:23:00,4.43,predicted
144,2019-07-15 02:24:00,4.12,predicted
145,2019-07-15 02:25:00,2.11,predicted
146,2019-07-15 02:26:00,4.72,predicted
147,2019-07-15 02:27:00,5.62,predicted
148,2019-07-15 02:28:00,2.08,predicted
149,2019-07-15 02:29:00,3.87,predicted
150,2019-07-15 02:30:00,3.83,predicted
151,2019-07-15 02:31:00,5.31,predicted
152,2019-07-15 02:32:00,5.84,predicted
153,2019-07-15 02:33:00,4.99,predicted
154,2019-07-15 02:34:00,5.09,predicted
155,2019-07-15 02:35:00,2.57,predicted
156,2019-07-15 02:36:00,5.85,predicted
157,2019-07-15 02:37:00,4.25,predicted
158,2019-07-15 02:38:00,4.08,predicted
159,2019-07-15 02:39:00,5.67,predicted
160,2019-07-15 02:40:00,2.67,predicted
161,2019-07-15 02:41:00,2.64,predicted
162,2019-07-15 02:42:00,3.42,predicted
163,2019-07-15 02:43:00,4.18,predicted
164,2019-07-15 02:44:00,4.36,predicted
165,2019-07-15 02:45:00,3.39,predicted
166,2019-07-15 02:46:00,4.63,predicted
167,2019-07-15 02:47:00,5.87,predicted
168,2019-07-15 02:48:00,4.53,predicted
169,2019-07-15 02:49:00,3.93,predicted
170,2019-07-15 02:50:00,5.92,predicted
171,2019-07-15 02:51:00,2.13,predicted
172,2019-07-15 02:52:00,2.08,predicted
173,2019-07-15 02:53:00,4.65,predicted
174,2019-07-15 02:54:00,5.97,predicted
175,2019-07-15 02:55:00,2.83,predicted
176,2019-07-15 02:56:00,2.86,predicted
177,2019-07-15 02:57:00,4.13,predicted
178,2019-07-15 02:58:00,4.44,predicted
179,2019-07-15 02:59:00,4.0,predicted
180,2019-07-15 03:00:00,2.17,predicted
181,2019-07-15 03:01:00,4.52,predicted
182,2019-07-15 03:02:00,3.81,predicted
183,2019-07-15 03:03:00,4.53,predicted
184,2019-07-15 03:04:00,2.89,predicted
185,2019-07-15 03:05:00,4.42,predicted
186,2019-07-15 03:06:00,2.32,predicted
187,2019-07-15 03:07:00,5.35,predicted
188,2019-07-15 03:08:00,5.02,predicted
189,2019-07-15 03:09:00,3.71,predicted
190,2019-07-15 03:10:00,4.55,predicted
191,2019-07-15 03:11:00,3.47,predicted
192,2019-07-15 03:12:00,4.02,predicted
193,2019-07-15 03:13:00,5.06,predicted
194,2019-07-15 03:14:00,4.01,predicted
195,2019-07-15 03:15:00,4.66,predicted
196,2019-07-15 03:16:00,2.05,predicted
197,2019-07-15 03:17:00,5.2,predicted
198,2019-07-15 03:18:00,4.24,predicted
199,2019-07-15 03:19:00,4.85,predicted
200,2019-07-15 03:20:00,4.84,predicted
201,2019-07-15 03:21:00,4.29,predicted
202,2019-07-15 03:22:00,2.43,predicted
203,2019-07-15 03:23:00,3.06,predicted
204,2019-07-15 03:24:00,4.48,predicted
205,2019-07-15 03:25:00,4.91,predicted
206,2019-07-15 03:26:00,3.63,predicted
207,2019-07-15 03:27:00,3.7,predicted
208,2019-07-15 03:28:00,5.5,predicted
209,2019-07-15 03:29:00,2.52,predicted
210,2019-07-15 03:30:00,4.92,predicted
211,2019-07-15 03:31:00,4.27,predicted
212,2019-07-15 03:32:00,3.88,predicted
213,2019-07-15 03:33:00,4.95,predicted
214,2019-07-15 03:34:00,2.61,predicted
215,2019-07-15 03:35:00,2.75,predicted
216,2019-07-15 03:36:00,2.18,predicted
217,2019-07-15 03:37:00,5.82,predicted
218,2019-07-15 03:38:00,3.65,predicted
219,2019-07-15 03:39:00,2.86,predicted
220,2019-07-15 03:40:00,5.14,predicted
221,2019-07-15 03:41:00,4.89,predicted
222,2019-07-15 03:42:00,4.02,predicted
223,2019-07-15 03:43:00,2.0,predicted
224,2019-07-15 03:44:00,3.97,predicted
225,2019-07-15 03:45:00,5.37,predicted
226,2019-07-15 03:46:00,5.63,predicted
227,2019-07-15 03:47:00,2.46,predicted
228,2019-07-15 03:48:00,4.81,predicted
229,2019-07-15 03:49:00,5.7,predicted
230,2019-07-15 03:50:00,4.09,predicted
231,2019-07-15 03:51:00,2.61,predicted
232,2019-07-15 03:52:00,5.83,predicted
233,2019-07-15 03:53:00,2.15,predicted
234,2019-07-15 03:54:00,5.64,predicted
235,2019-07-15 03:55:00,2.11,predicted
236,2019-07-15 03:56:00,3.92,predicted
237,2019-07-15 03:57:00,2.27,predicted
238,2019-07-15 03:58:00,3.79,predicted
239,2019-07-15 03:59:00,2.54,predicted
240,2019-07-15 04:00:00,3.32,predicted
241,2019-07-15 04:01:00,4.48,predicted
242,2019-07-15 04:02:00,3.11,predicted
243,2019-07-15 04:03:00,5.85,predicted
244,2019-07-15 04:04:00,4.47,predicted
245,2019-07-15 04:05:00,3.64,predicted
246,2019-07-15 04:06:00,5.88,predicted
247,2019-07-15 04:07:00,2.95,predicted
248,2019-07-15 04:08:00,5.02,predicted
249,2019-07-15 04:09:00,3.36,predicted
250,2019-07-15 04:10:00,5.71,predicted
251,2019-07-15 04:11:00,2.47,predicted
252,2019-07-15 04:12:00,5.34,predicted
253,2019-07-15 04:13:00,2.11,predicted
254,2019-07-15 04:14:00,4.14,predicted
255,2019-07-15 04:15:00,4.76,predicted
256,2019-07-15 04:16:00,5.78,predicted
257,2019-07-15 04:17:00,4.29,predicted
258,2019-07-15 04:18:00,2.47,predicted
259,2019-07-15 04:19:00,2.74,predicted
260,2019-07-15 04:20:00,4.68,predicted
261,2019-07-15 04:21:00,3.17,predicted
262,2019-07-15 04:22:00,4.81,predicted
263,2019-07-15 04:23:00,4.07,predicted
264,2019-07-15 04:24:00,4.61,predicted
265,2019-07-15 04:25:00,3.61,predicted
266,2019-07-15 04:26:00,4.41,predicted
267,2019-07-15 04:27:00,3.35,predicted
268,2019-07-15 04:28:00,5.1,predicted
269,2019-07-15 04:29:00,4.92,predicted
270,2019-07-15 04:30:00,5.03,predicted
271,2019-07-15 04:31:00,2.92,predicted
272,2019-07-15 04:32:00,5.73,predicted
273,2019-07-15 04:33:00,3.11,predicted
274,2019-07-15 04:34:00,4.94,predicted
275,2019-07-15 04:35:00,4.57,predicted
276,2019-07-15 04:36:00,2.54,predicted
277,2019-07-15 04:37:00,2.92,predicted
278,2019-07-15 04:38:00,5.73,predicted
279,2019-07-15 04:39:00,3.62,predicted
280,2019-07-15 04:40:00,2.49,predicted
281,2019-07-15 04:41:00,3.0,predicted
282,2019-07-15 04:42:00,3.83,predicted
283,2019-07-15 04:43:00,5.64,predicted
284,2019-07-15 04:44:00,4.41,predicted
285,2019-07-15 04:45:00,2.53,predicted
286,2019-07-15 04:46:00,5.4,predicted
287,2019-07-15 04:47:00,5.33,predicted
288,2019-07-15 04:48:00,4.83,predicted
289,2019-07-15 04:49:00,4.45,predicted
290,2019-07-15 04:50:00,3.35,predicted
291,2019-07-15 04:51:00,5.04,predicted
292,2019-07-15 04:52:00,2.23,predicted
293,2019-07-15 04:53:00,5.73,predicted
294,2019-07-15 04:54:00,4.82,predicted
295,2019-07-15 04:55:00,2.58,predicted
296,2019-07-15 04:56:00,4.41,predicted
297,2019-07-15 04:57:00,2.0,predicted
298,2019-07-15 04:58:00,3.17,predicted
299,2019-07-15 04:59:00,2.61,predicted
300,2019-07-15 05:00:00,4.62,predicted
301,2019-07-15 05:01:00,5.61,predicted
302,2019-07-15 05:02:00,2.42,predicted
303,2019-07-15 05:03:00,5.2,predicted
304,2019-07-15 05:04:00,5.45,predicted
305,2019-07-15 05:05:00,2.89,predicted
306,2019-07-15 05:06:00,4.75,predicted
307,2019-07-15 05:07:00,4.27,predicted
308,2019-07-15 05:08:00,4.63,predicted
309,2019-07-15 05:09:00,3.18,predicted
310,2019-07-15 05:10:00,2.17,predicted
311,2019-07-15 05:11:00,3.82,predicted
312,2019-07-15 05:12:00,2.15,predicted
313,2019-07-15 05:13:00,4.97,predicted
314,2019-07-15 05:14:00,3.36,predicted
315,2019-07-15 05:15:00,3.98,predicted
316,2019-07-15 05:16:00,5.96,predicted
317,2019-07-15 05:17:00,2.8,predicted
318,2019-07-15 05:18:00,4.94,predicted
319,2019-07-15 05:19:00,5.96,predicted
320,2019-07-15 05:20:00,5.85,predicted
321,2019-07-15 05:21:00,4.55,predicted
322,2019-07-15 05:22:00,4.03,predicted
323,2019-07-15 05:23:00,3.17,predicted
324,2019-07-15 05:24:00,2.34,predicted
325,2019-07-15 05:25:00,5.41,predicted
326,2019-07-15 05:26:00,2.83,predicted
327,2019-07-15 05:27:00,3.17,predicted
328,2019-07-15 05:28:00,2.79,predicted
329,2019-07-15 05:29:00,4.73,predicted
330,2019-07-15 05:30:00,2.99,predicted
331,2019-07-15 05:31:00,4.95,predicted
332,2019-07-15 05:32:00,2.11,predicted
333,2019-07-15 05:33:00,3.25,predicted
334,2019-07-15 05:34:00,4.66,predicted
335,2019-07-15 05:35:00,5.11,predicted
336,2019-07-15 05:36:00,2.54,predicted
337,2019-07-15 05:37:00,5.06,predicted
338,2019-07-15 05:38:00,3.42,predicted
339,2019-07-15 05:39:00,5.75,predicted
340,2019-07-15 05:40:00,4.28,predicted
341,2019-07-15 05:41:00,5.93,predicted
342,2019-07-15 05:42:00,3.2,predicted
343,2019-07-15 05:43:00,2.35,predicted
344,2019-07-15 05:44:00,2.82,predicted
345,2019-07-15 05:45:00,4.01,predicted
346,2019-07-15 05:46:00,2.36,predicted
347,2019-07-15 05:47:00,4.26,predicted
348,2019-07-15 05:48:00,2.74,predicted
349,2019-07-15 05:49:00,2.22,predicted
350,2019-07-15 05:50:00,5.4,predicted
351,2019-07-15 05:51:00,4.46,predicted
352,2019-07-15 05:52:00,2.96,predicted
353,2019-07-15 05:53:00,3.57,predicted
354,2019-07-15 05:54:00,5.97,predicted
355,2019-07-15 05:55:00,5.84,predicted
356,2019-07-15 05:56:00,2.69,predicted
357,2019-07-15 05:57:00,5.16,predicted
358,2019-07-15 05:58:00,2.95,predicted
359,2019-07-15 05:59:00,2.7,predicted
360,2019-07-15 06:00:00,14.61,predicted
361,2019-07-15 06:01:00,14.83,predicted
362,2019-07-15 06:02:00,16.35,predicted
363,2019-07-15 06:03:00,15.77,predicted
364,2019-07-15 06:04:00,17.22,predicted
365,2019-07-15 06:05:00,17.4,predicted
366,2019-07-15 06:06:00,17.64,predicted
367,2019-07-15 06:07:00,18.25,predicted
368,2019-07-15 06:08:00,18.6,predicted
369,2019-07-15 06:09:00,19.36,predicted
370,2019-07-15 06:10:00,18.64,predicted
371,2019-07-15 06:11:00,18.21,predicted
372,2019-07-15 06:12:00,16.67,predicted
373,2019-07-15 06:13:00,17.93,predicted
374,2019-07-15 06:14:00,17.93,predicted
375,2019-07-15 06:15:00,18.07,predicted
376,2019-07-15 06:16:00,17.68,predicted
377,2019-07-15 06:17:00,17.67,predicted
378,2019-07-15 06:18:00,16.44,predicted
379,2019-07-15 06:19:00,16.02,predicted
380,2019-07-15 06:20:00,17.4,predicted
381,2019-07-15 06:21:00,18.74,predicted
382,2019-07-15 06:22:00,18.92,predicted
383,2019-07-15 06:23:00,18.89,predicted
384,2019-07-15 06:24:00,18.19,predicted
385,2019-07-15 06:25:00,18.23,predicted
386,2019-07-15 06:26:00,17.85,predicted
387,2019-07-15 06:27:00,19.42,predicted
388,2019-07-15 06:28:00,21.06,predicted
389,2019-07-15 06:29:00,22.79,predicted
390,2019-07-15 06:30:00,23.4,predicted
391,2019-07-15 06:31:00,25.23,predicted
392,2019-07-15 06:32:00,24.68,predicted
393,2019-07-15 06:33:00,23.66,predicted
394,2019-07-15 06:34:00,22.52,predicted
395,2019-07-15 06:35:00,21.08,predicted
396,2019-07-15 06:36:00,21.41,predicted
397,2019-07-15 06:37:00,21.77,predicted
398,2019-07-15 06:38:00,23.03,predicted
399,2019-07-15 06:39:00,23.66,predicted
400,2019-07-15 06:40:00,23.84,predicted
401,2019-07-15 06:41:00,23.11,predicted
402,2019-07-15 06:42:00,22.49,predicted
403,2019-07-15 06:43:00,22.82,predicted
404,2019-07-15 06:44:00,22.56,predicted
405,2019-07-15 06:45:00,24.18,predicted
406,2019-07-15 06:46:00,23.57,predicted
407,2019-07-15 06:47:00,23.81,predicted
408,2019-07-15 06:48:00,22.26,predicted
409,2019-07-15 06:49:00,23.85,predicted
410,2019-07-15 06:50:00,23.85,predicted
411,2019-07-15 06:51:00,25.68,predicted
412,2019-07-15 06:52:00,25.8,predicted
413,2019-07-15 06:53:00,27.54,predicted
414,2019-07-15 06:54:00,26.77,predicted
415,2019-07-15 06:55:00,26.38,predicted
416,2019-07-15 06:56:00,25.98,predicted
417,2019-07-15 06:57:00,26.68,predicted
418,2019-07-15 06:58:00,27.68,predicted
419,2019-07-15 06:59:00,27.66,predicted
420,2019-07-15 07:00:00,27.66,predicted
421,2019-07-15 07:01:00,28.23,predicted
422,2019-07-15 07:02:00,31.37,predicted
423,2019-07-15 07:03:00,29.05,predicted
424,2019-07-15 07:04:00,30.06,predicted
425,2019-07-15 07:05:00,31.91,predicted
426,2019-07-15 07:06:00,30.57,predicted
427,2019-07-15 07:07:00,26.92,predicted
428,2019-07-15 07:08:00,29.66,predicted
429,2019-07-15 07:09:00,30.28,predicted
430,2019-07-15 07:10:00,26.64,predicted
431,2019-07-15 07:11:00,26.82,predicted
432,2019-07-15 07:12:00,28.73,predicted
433,2019-07-15 07:13:00,27.55,predicted
434,2019-07-15 07:14:00,25.33,predicted
435,2019-07-15 07:15:00,28.32,predicted
436,2019-07-15 07:16:00,26.5,predicted
437,2019-07-15 07:17:00,26.02,predicted
438,2019-07-15 07:18:00,26.29,predicted
439,2019-07-15 07:19:00,28.29,predicted
440,2019-07-15 07:20:00,27.59,predicted
441,2019-07-15 07:21:00,31.38,predicted
442,2019-07-15 07:22:00,32.62,predicted
443,2019-07-15 07:23:00,32.53,predicted
444,2019-07-15 07:24:00,31.59,predicted
445,2019-07-15 07:25:00,33.89,predicted
446,2019-07-15 07:26:00,32.53,predicted
447,2019-07-15 07:27:00,31.3,predicted
448,2019-07-15 07:28:00,33.73,predicted
449,2019-07-15 07:29:00,33.7,predicted
450,2019-07-15 07:30:00,31.7,predicted
451,2019-07-15 07:31:00,31.92,predicted
452,2019-07-15 07:32:00,31.7,predicted
453,2019-07-15 07:33:00,27.83,predicted
454,2019-07-15 07:34:00,28.26,predicted
455,2019-07-15 07:35:00,29.67,predicted
456,2019-07-15 07:36:00,31.16,predicted
457,2019-07-15 07:37:00,29.64,predicted
458,2019-07-15 07:38:00,29.91,predicted
459,2019-07-15 07:39:00,31.46,predicted
460,2019-07-15 07:40:00,30.47,predicted
461,2019-07-15 07:41:00,27.97,predicted
462,2019-07-15 07:42:00,30.56,predicted
463,2019-07-15 07:43:00,33.4,predicted
464,2019-07-15 07:44:00,31.03,predicted
465,2019-07-15 07:45:00,32.94,predicted
466,2019-07-15 07:46:00,33.11,predicted
467,2019-07-15 07:47:00,32.89,predicted
468,2019-07-15 07:48:00,32.22,predicted
469,2019-07-15 07:49:00,32.57,predicted
470,2019-07-15 07:50:00,29.07,predicted
471,2019-07-15 07:51:00,29.67,predicted
472,2019-07-15 07:52:00,30.09,predicted
473,2019-07-15 07:53:00,30.47,predicted
474,2019-07-15 07:54:00,32.88,predicted
475,2019-07-15 07:55:00,36.81,predicted
476,2019-07-15 07:56:00,38.77,predicted
477,2019-07-15 07:57:00,37.55,predicted
478,2019-07-15 07:58:00,37.91,predicted
479,2019-07-15 07:59:00,39.6,predicted
480,2019-07-15 08:00:00,39.04,predicted
481,2019-07-15 08:01:00,36.66,predicted
482,2019-07-15 08:02:00,39.22,predicted
483,2019-07-15 08:03:00,37.95,predicted
484,2019-07-15 08:04:00,35.27,predicted
485,2019-07-15 08:05:00,35.91,predicted
486,2019-07-15 08:06:00,41.06,predicted
487,2019-07-15 08:07:00,39.35,predicted
488,2019-07-15 08:08:00,40.7,predicted
489,2019-07-15 08:09:00,42.52,predicted
490,2019-07-15 08:10:00,41.29,predicted
491,2019-07-15 08:11:00,38.56,predicted
492,2019-07-15 08:12:00,40.68,predicted
493,2019-07-15 08:13:00,43.66,predicted
494,2019-07-15 08:14:00,43.07,predicted
495,2019-07-15 08:15:00,41.86,predicted
496,2019-07-15 08:16:00,40.82,predicted
497,2019-07-15 08:17:00,38.81,predicted
498,2019-07-15 08:18:00,36.04,predicted
499,2019-07-15 08:19:00,37.55,predicted
500,2019-07-15 08:20:00,41.72,predicted
501,2019-07-15 08:21:00,43.25,predicted
502,2019-07-15 08:22:00,46.45,predicted
503,2019-07-15 08:23:00,47.31,predicted
504,2019-07-15 08:24:00,45.87,predicted
505,2019-07-15 08:25:00,45.89,predicted
506,2019-07-15 08:26:00,46.0,predicted
507,2019-07-15 08:27:00,44.24,predicted
508,2019-07-15 08:28:00,46.12,predicted
509,2019-07-15 08:29:00,45.54,predicted
510,2019-07-15 08:30:00,44.25,predicted
511,2019-07-15 08:31:00,45.84,predicted
512,2019-07-15 08:32:00,45.92,predicted
513,2019-07-15 08:33:00,42.81,predicted
514,2019-07-15 08:34:00,42.77,predicted
515,2019-07-15 08:35:00,43.63,predicted
516,2019-07-15 08:36:00,42.96,predicted
517,2019-07-15 08:37:00,43.69,predicted
518,2019-07-15 08:38:00,45.98,predicted
519,2019-07-15 08:39:00,50.1,predicted
520,2019-07-15 08:40:00,50.85,predicted
521,2019-07-15 08:41:00,50.66,predicted
522,2019-07-15 08:42:00,53.56,predicted
523,2019-07-15 08:43:00,51.42,predicted
524,2019-07-15 08:44:00,48.15,predicted
525,2019-07-15 08:45:00,47.25,predicted
526,2019-07-15 08:46:00,50.33,predicted
527,2019-07-15 08:47:00,46.01,predicted
528,2019-07-15 08:48:00,52.66,predicted
529,2019-07-15 08:49:00,53.09,predicted
530,2019-07-15 08:50:00,52.67,predicted
531,2019-07-15 08:51:00,52.86,predicted
532,2019-07-15 08:52:00,57.34,predicted
533,2019-07-15 08:53:00,52.6,predicted
534,2019-07-15 08:54:00,52.0,predicted
535,2019-07-15 08:55:00,53.52,predicted
536,2019-07-15 08:56:00,51.36,predicted
537,2019-07-15 08:57:00,48.67,predicted
538,2019-07-15 08:58:00,49.82,predicted
539,2019-07-15 08:59:00,53.72,predicted
540,2019-07-15 09:00:00,55.37,predicted
541,2019-07-15 09:01:00,56.77,predicted
542,2019-07-15 09:02:00,57.12,predicted
543,2019-07-15 09:03:00,59.22,predicted
544,2019-07-15 09:04:00,58.66,predicted
545,2019-07-15 09:05:00,55.72,predicted
546,2019-07-15 09:06:00,56.92,predicted
547,2019-07-15 09:07:00,60.67,predicted
548,2019-07-15 09:08:00,58.92,predicted
549,2019-07-15 09:09:00,60.87,predicted
550,2019-07-15 09:10:00,64.2,predicted
551,2019-07-15 09:11:00,60.92,predicted
552,2019-07-15 09:12:00,60.26,predicted
553,2019-07-15 09:13:00,59.45,predicted
554,2019-07-15 09:14:00,57.15,predicted
555,2019-07-15 09:15:00,54.75,predicted
556,2019-07-15 09:16:00,56.8,predicted
557,2019-07-15 09:17:00,58.93,predicted
558,2019-07-15 09:18:00,58.36,predicted
559,2019-07-15 09:19:00,60.49,predicted
560,2019-07-15 09:20:00,63.55,predicted
561,2019-07-15 09:21:00,66.78,predicted
562,2019-07-15 09:22:00,65.55,predicted
563,2019-07-15 09:23:00,67.33,predicted
564,2019-07-15 09:24:00,68.47,predicted
565,2019-07-15 09:25:00,65.36,predicted
566,2019-07-15 09:26:00,63.92,predicted
567,2019-07-15 09:27:00,63.95,predicted
568,2019-07-15 09:28:00,63.77,predicted
569,2019-07-15 09:29:00,60.2,predicted
570,2019-07-15 09:30:00,61.37,predicted
571,2019-07-15 09:31:00,59.89,predicted
572,2019-07-15 09:32:00,59.3,predicted
573,2019-07-15 09:33:00,61.11,predicted
574,2019-07-15 09:34:00,60.02,predicted
575,2019-07-15 09:35:00,60.99,predicted
576,2019-07-15 09:36:00,58.69,predicted
577,2019-07-15 09:37:00,56.68,predicted
578,2019-07-15 09:38:00,56.26,predicted
579,2019-07-15 09:39:00,58.77,predicted
580,2019-07-15 09:40:00,58.01,predicted
581,2019-07-15 09:41:00,60.91,predicted
582,2019-07-15 09:42:00,63.45,predicted
583,2019-07-15 09:43:00,63.84,predicted
584,2019-07-15 09:44:00,63.72,predicted
585,2019-07-15 09:45:00,64.01,predicted
586,2019-07-15 09:46:00,64.61,predicted
587,2019-07-15 09:47:00,62.26,predicted
588,2019-07-15 09:48:00,61.65,predicted
589,2019-07-15 09:49:00,62.22,predicted
590,2019-07-15 09:50:00,61.75,predicted
591,2019-07-15 09:51:00,58.64,predicted
592,2019-07-15 09:52:00,58.65,predicted
593,2019-07-15 09:53:00,57.32,predicted
594,2019-07-15 09:54:00,56.88,predicted
595,2019-07-15 09:55:00,58.45,predicted
596,2019-07-15 09:56:00,61.28,predicted
597,2019-07-15 09:57:00,63.19,predicted
598,2019-07-15 09:58:00,65.48,predicted
599,2019-07-15 09:59:00,66.21,predicted
600,2019-07-15 10:00:00,66.06,predicted
601,2019-07-15 10:01:00,65.17,predicted
602,2019-07-15 10:02:00,63.3,predicted
603,2019-07-15 10:03:00,61.13,predicted
604,2019-07-15 10:04:00,62.29,predicted
605,2019-07-15 10:05:00,64.35,predicted
606,2019-07-15 10:06:00,65.91,predicted
607,2019-07-15 10:07:00,64.93,predicted
608,2019-07-15 10:08:00,65.65,predicted
609,2019-07-15 10:09:00,62.31,predicted
610,2019-07-15 10:10:00,60.14,predicted
611,2019-07-15 10:11:00,58.5,predicted
612,2019-07-15 10:12:00,61.28,predicted
613,2019-07-15 10:13:00,61.16,predicted
614,2019-07-15 10:14:00,60.07,predicted
615,2019-07-15 10:15:00,60.51,predicted
616,2019-07-15 10:16:00,59.92,predicted
617,2019-07-15 10:17:00,60.44,predicted
618,2019-07-15 10:18:00,61.63,predicted
619,2019-07-15 10:19:00,65.42,predicted
620,2019-07-15 10:20:00,65.18,predicted
621,2019-07-15 10:21:00,65.52,predicted
622,2019-07-15 10:22:00,65.59,predicted
623,2019-07-15 10:23:00,65.68,predicted
624,2019-07-15 10:24:00,66.92,predicted
625,2019-07-15 10:25:00,64.93,predicted
626,2019-07-15 10:26:00,69.46,predicted
627,2019-07-15 10:27:00,67.41,predicted
628,2019-07-15 10:28:00,65.96,predicted
629,2019-07-15 10:29:00,65.1,predicted
630,2019-07-15 10:30:00,67.55,predicted
631,2019-07-15 10:31:00,63.26,predicted
632,2019-07-15 10:32:00,63.26,predicted
633,2019-07-15 10:33:00,63.75,predicted
634,2019-07-15 10:34:00,64.92,predicted
635,2019-07-15 10:35:00,65.14,predicted
636,2019-07-15 10:36:00,64.17,predicted
637,2019-07-15 10:37:00,65.15,predicted
638,2019-07-15 10:38:00,66.12,predicted
639,2019-07-15 10:39:00,63.0,predicted
640,2019-07-15 10:40:00,61.4,predicted
641,2019-07-15 10:41:00,64.16,predicted
642,2019-07-15 10:42:00,64.31,predicted
643,2019-07-15 10:43:00,63.13,predicted
644,2019-07-15 10:44:00,63.95,predicted
645,2019-07-15 10:45:00,72.84,predicted
646,2019-07-15 10:46:00,76.72,predicted
647,2019-07-15 10:47:00,83.83,predicted
648,2019-07-15 10:48:00,92.38,predicted
649,2019-07-15 10:49:00,93.65,predicted
650,2019-07-15 10:50:00,87.01,predicted
651,2019-07-15 10:51:00,89.37,predicted
652,2019-07-15 10:52:00,87.56,predicted
653,2019-07-15 10:53:00,81.7,predicted
654,2019-07-15 10:54:00,80.86,predicted
655,2019-07-15 10:55:00,79.21,predicted
656,2019-07-15 10:56:00,73.52,predicted
657,2019-07-15 10:57:00,67.87,predicted
658,2019-07-15 10:58:00,64.99,predicted
659,2019-07-15 10:59:00,65.99,predicted
660,2019-07-15 11:00:00,64.4,predicted
661,2019-07-15 11:01:00,60.08,predicted
662,2019-07-15 11:02:00,60.03,predicted
663,2019-07-15 11:03:00,62.48,predicted
664,2019-07-15 11:04:00,60.72,predicted
665,2019-07-15 11:05:00,63.02,predicted
666,2019-07-15 11:06:00,68.09,predicted
667,2019-07-15 11:07:00,68.55,predicted
668,2019-07-15 11:08:00,67.86,predicted
669,2019-07-15 11:09:00,66.88,predicted
670,2019-07-15 11:10:00,66.33,predicted
671,2019-07-15 11:11:00,60.08,predicted
672,2019-07-15 11:12:00,59.87,predicted
673,2019-07-15 11:13:00,58.95,predicted
674,2019-07-15 11:14:00,61.1,predicted
675,2019-07-15 11:15:00,59.31,predicted
676,2019-07-15 11:16:00,60.56,predicted
677,2019-07-15 11:17:00,57.37,predicted
678,2019-07-15 11:18:00,58.49,predicted
679,2019-07-15 11:19:00,58.38,predicted
680,2019-07-15 11:20:00,58.89,predicted
681,2019-07-15 11:21:00,61.17,predicted
682,2019-07-15 11:22:00,65.05,predicted
683,2019-07-15 11:23:00,64.45,predicted
684,2019-07-15 11:24:00,60.03,predicted
685,2019-07-15 11:25:00,59.84,predicted
686,2019-07-15 11:26:00,59.27,predicted
687,2019-07-15 11:27:00,56.02,predicted
688,2019-07-15 11:28:00,54.83,predicted
689,2019-07-15 11:29:00,59.04,predicted
690,2019-07-15 11:30:00,60.13,predicted
691,2019-07-15 11:31:00,62.83,predicted
692,2019-07-15 11:32:00,63.46,predicted
693,2019-07-15 11:33:00,64.17,predicted
694,2019-07-15 11:34:00,62.53,predicted
695,2019-07-15 11:35:00,64.32,predicted
696,2019-07-15 11:36:00,62.46,predicted
697,2019-07-15 11:37:00,62.98,predicted
698,2019-07-15 11:38:00,62.72,predicted
699,2019-07-15 11:39:00,64.84,predicted
700,2019-07-15 11:40:00,63.71,predicted
701,2019-07-15 11:41:00,65.19,predicted
702,2019-07-15 11:42:00,65.44,predicted
703,2019-07-15 11:43:00,68.62,predicted
704,2019-07-15 11:44:00,67.03,predicted
705,2019-07-15 11:45:00,66.28,predicted
706,2019-07-15 11:46:00,63.0,predicted
707,2019-07-15 11:47:00,62.77,predicted
708,2019-07-15 11:48:00,61.09,predicted
709,2019-07-15 11:49:00,59.23,predicted
710,2019-07-15 11:50:00,59.12,predicted
711,2019-07-15 11:51:00,61.03,predicted
712,2019-07-15 11:52:00,60.08,predicted
713,2019-07-15 11:53:00,56.05,predicted
714,2019-07-15 11:54:00,58.93,predicted
715,2019-07-15 11:55:00,60.24,predicted
716,2019-07-15 11:56:00,59.85,predicted
717,2019-07-15 11:57:00,62.38,predicted
718,2019-07-15 11:58:00,64.43,predicted
719,2019-07-15 11:59:00,62.31,predicted
720,2019-07-15 12:00:00,61.02,predicted
721,2019-07-15 12:01:00,60.68,predicted
722,2019-07-15 12:02:00,59.53,predicted
723,2019-07-15 12:03:00,59.42,predicted
724,2019-07-15 12:04:00,61.25,predicted
725,2019-07-15 12:05:00,60.34,predicted
726,2019-07-15 12:06:00,64.75,predicted
727,2019-07-15 12:07:00,64.16,predicted
728,2019-07-15 12:08:00,65.43,predicted
729,2019-07-15 12:09:00,65.13,predicted
730,2019-07-15 12:10:00,66.66,predicted
731,2019-07-15 12:11:00,64.6,predicted
732,2019-07-15 12:12:00,65.44,predicted
733,2019-07-15 12:13:00,66.58,predicted
734,2019-07-15 12:14:00,63.95,predicted
735,2019-07-15 12:15:00,64.5,predicted
736,2019-07-15 12:16:00,62.15,predicted
737,2019-07-15 12:17:00,61.93,predicted
738,2019-07-15 12:18:00,60.58,predicted
739,2019-07-15 12:19:00,62.32,predicted
740,2019-07-15 12:20:00,62.71,predicted
741,2019-07-15 12:21:00,65.37,predicted
742,2019-07-15 12:22:00,67.97,predicted
743,2019-07-15 12:23:00,65.68,predicted
744,2019-07-15 12:24:00,64.58,predicted
745,2019-07-15 12:25:00,63.96,predicted
746,2019-07-15 12:26:00,58.21,predicted
747,2019-07-15 12:27:00,56.62,predicted
748,2019-07-15 12:28:00,59.3,predicted
749,2019-07-15 12:29:00,64.84,predicted
750,2019-07-15 12:30:00,64.48,predicted
751,2019-07-15 12:31:00,69.18,predicted
752,2019-07-15 12:32:00,65.92,predicted
753,2019-07-15 12:33:00,66.93,predicted
754,2019-07-15 12:34:00,63.41,predicted
755,2019-07-15 12:35:00,59.18,predicted
756,2019-07-15 12:36:00,58.3,predicted
757,2019-07-15 12:37:00,61.1,predicted
758,2019-07-15 12:38:00,58.16,predicted
759,2019-07-15 12:39:00,56.2,predicted
760,2019-07-15 12:40:00,59.22,predicted
761,2019-07-15 12:41:00,61.07,predicted
762,2019-07-15 12:42:00,60.77,predicted
763,2019-07-15 12:43:00,62.36,predicted
764,2019-07-15 12:44:00,65.81,predicted
765,2019-07-15 12:45:00,67.65,predicted
766,2019-07-15 12:46:00,68.25,predicted
767,2019-07-15 12:47:00,68.97,predicted
768,2019-07-15 12:48:00,67.92,predicted
769,2019-07-15 12:49:00,67.7,predicted
770,2019-07-15 12:50:00,68.13,predicted
771,2019-07-15 12:51:00,66.67,predicted
772,2019-07-15 12:52:00,69.68,predicted
773,2019-07-15 12:53:00,70.18,predicted
774,2019-07-15 12:54:00,66.95,predicted
775,2019-07-15 12:55:00,66.35,predicted
776,2019-07-15 12:56:00,65.53,predicted
777,2019-07-15 12:57:00,62.52,predicted
778,2019-07-15 12:58:00,63.79,predicted
779,2019-07-15 12:59:00,69.36,predicted
780,2019-07-15 13:00:00,69.92,predicted
781,2019-07-15 13:01:00,73.44,predicted
782,2019-07-15 13:02:00,71.31,predicted
783,2019-07-15 13:03:00,73.42,predicted
784,2019-07-15 13:04:00,70.51,predicted
785,2019-07-15 13:05:00,68.52,predicted
786,2019-07-15 13:06:00,64.76,predicted
787,2019-07-15 13:07:00,70.2,predicted
788,2019-07-15 13:08:00,66.19,predicted
789,2019-07-15 13:09:00,67.85,predicted
790,2019-07-15 13:10:00,69.84,predicted
791,2019-07-15 13:11:00,69.67,predicted
792,2019-07-15 13:12:00,67.9,predicted
793,2019-07-15 13:13:00,71.01,predicted
794,2019-07-15 13:14:00,68.43,predicted
795,2019-07-15 13:15:00,68.55,predicted
796,2019-07-15 13:16:00,69.54,predicted
797,2019-07-15 13:17:00,68.6,predicted
798,2019-07-15 13:18:00,65.85,predicted
799,2019-07-15 13:19:00,66.15,predicted
800,2019-07-15 13:20:00,64.87,predicted
801,2019-07-15 13:21:00,64.68,predicted
802,2019-07-15 13:22:00,64.43,predicted
803,2019-07-15 13:23:00,64.62,predicted
804,2019-07-15 13:24:00,64.36,predicted
805,2019-07-15 13:25:00,61.33,predicted
806,2019-07-15 13:26:00,59.23,predicted
807,2019-07-15 13:27:00,57.28,predicted
808,2019-07-15 13:28:00,56.31,predicted
809,2019-07-15 13:29:00,57.41,predicted
810,2019-07-15 13:30:00,58.67,predicted
811,2019-07-15 13:31:00,59.99,predicted
812,2019-07-15 13:32:00,62.55,predicted
813,2019-07-15 13:33:00,65.75,predicted
814,2019-07-15 13:34:00,64.34,predicted
815,2019-07-15 13:35:00,67.0,predicted
816,2019-07-15 13:36:00,68.78,predicted
817,2019-07-15 13:37:00,68.14,predicted
818,2019-07-15 13:38:00,65.39,predicted
819,2019-07-15 13:39:00,65.54,predicted
820,2019-07-15 13:40:00,65.9,predicted
821,2019-07-15 13:41:00,61.9,predicted
822,2019-07-15 13:42:00,61.44,predicted
823,2019-07-15 13:43:00,63.96,predicted
824,2019-07-15 13:44:00,64.11,predicted
825,2019-07-15 13:45:00,63.53,predicted
826,2019-07-15 13:46:00,64.18,predicted
827,2019-07-15 13:47:00,62.72,predicted
828,2019-07-15 13:48:00,62.21,predicted
829,2019-07-15 13:49:00,60.41,predicted
830,2019-07-15 13:50:00,61.55,predicted
831,2019-07-15 13:51:00,63.04,predicted
832,2019-07-15 13:52:00,62.72,predicted
833,2019-07-15 13:53:00,64.13,predicted
834,2019-07-15 13:54:00,64.38,predicted
835,2019-07-15 13:55:00,63.03,predicted
836,2019-07-15 13:56:00,66.65,predicted
837,2019-07-15 13:57:00,66.56,predicted
838,2019-07-15 13:58:00,64.56,predicted
839,2019-07-15 13:59:00,66.64,predicted
840,2019-07-15 14:00:00,66.28,predicted
841,2019-07-15 14:01:00,60.02,predicted
842,2019-07-15 14:02:00,62.84,predicted
843,2019-07-15 14:03:00,62.19,predicted
844,2019-07-15 14:04:00,61.3,predicted
845,2019-07-15 14:05:00,61.89,predicted
846,2019-07-15 14:06:00,63.19,predicted
847,2019-07-15 14:07:00,62.56,predicted
848,2019-07-15 14:08:00,63.9,predicted
849,2019-07-15 14:09:00,63.35,predicted
850,2019-07-15 14:10:00,60.79,predicted
851,2019-07-15 14:11:00,61.92,predicted
852,2019-07-15 14:12:00,60.83,predicted
853,2019-07-15 14:13:00,57.27,predicted
854,2019-07-15 14:14:00,57.23,predicted
855,2019-07-15 14:15:00,56.24,predicted
856,2019-07-15 14:16:00,56.07,predicted
857,2019-07-15 14:17:00,55.03,predicted
858,2019-07-15 14:18:00,59.38,predicted
859,2019-07-15 14:19:00,58.58,predicted
860,2019-07-15 14:20:00,58.75,predicted
861,2019-07-15 14:21:00,57.47,predicted
862,2019-07-15 14:22:00,60.01,predicted
863,2019-07-15 14:23:00,59.31,predicted
864,2019-07-15 14:24:00,59.92,predicted
865,2019-07-15 14:25:00,61.69,predicted
866,2019-07-15 14:26:00,62.77,predicted
867,2019-07-15 14:27:00,65.59,predicted
868,2019-07-15 14:28:00,62.64,predicted
869,2019-07-15 14:29:00,61.99,predicted
870,2019-07-15 14:30:00,61.96,predicted
871,2019-07-15 14:31:00,64.46,predicted
872,2019-07-15 14:32:00,59.11,predicted
873,2019-07-15 14:33:00,60.68,predicted
874,2019-07-15 14:34:00,60.69,predicted
875,2019-07-15 14:35:00,61.95,predicted
876,2019-07-15 14:36:00,59.48,predicted
877,2019-07-15 14:37:00,63.43,predicted
878,2019-07-15 14:38:00,64.29,predicted
879,2019-07-15 14:39:00,66.13,predicted
880,2019-07-15 14:40:00,62.04,predicted
881,2019-07-15 14:41:00,60.63,predicted
882,2019-07-15 14:42:00,60.06,predicted
883,2019-07-15 14:43:00,57.75,predicted
884,2019-07-15 14:44:00,57.27,predicted
885,2019-07-15 14:45:00,57.32,predicted
886,2019-07-15 14:46:00,56.89,predicted
887,2019-07-15 14:47:00,56.08,predicted
888,2019-07-15 14:48:00,56.96,predicted
889,2019-07-15 14:49:00,54.8,predicted
890,2019-07-15 14:50:00,56.61,predicted
891,2019-07-15 14:51:00,58.1,predicted
892,2019-07-15 14:52:00,57.7,predicted
893,2019-07-15 14:53:00,58.87,predicted
894,2019-07-15 14:54:00,60.55,predicted
895,2019-07-15 14:55:00,63.7,predicted
896,2019-07-15 14:56:00,67.69,predicted
897,2019-07-15 14:57:00,68.1,predicted
898,2019-07-15 14:58:00,69.85,predicted
899,2019-07-15 14:59:00,68.95,predicted
900,2019-07-15 15:00:00,66.6,predicted
901,2019-07-15 15:01:00,64.72,predicted
902,2019-07-15 15:02:00,64.74,predicted
903,2019-07-15 15:03:00,66.18,predicted
904,2019-07-15 15:04:00,69.01,predicted
905,2019-07-15 15:05:00,71.6,predicted
906,2019-07-15 15:06:00,70.16,predicted
907,2019-07-15 15:07:00,71.27,predicted
908,2019-07-15 15:08:00,67.36,predicted
909,2019-07-15 15:09:00,67.91,predicted
910,2019-07-15 15:10:00,66.61,predicted
911,2019-07-15 15:11:00,69.23,predicted
912,2019-07-15 15:12:00,67.52,predicted
913,2019-07-15 15:13:00,68.98,predicted
914,2019-07-15 15:14:00,68.62,predicted
915,2019-07-15 15:15:00,67.45,predicted
916,2019-07-15 15:16:00,66.97,predicted
917,2019-07-15 15:17:00,68.02,predicted
918,2019-07-15 15:18:00,66.52,predicted
919,2019-07-15 15:19:00,66.72,predicted
920,2019-07-15 15:20:00,67.59,predicted
921,2019-07-15 15:21:00,68.66,predicted
922,2019-07-15 15:22:00,70.6,predicted
923,2019-07-15 15:23:00,73.68,predicted
924,2019-07-15 15:24:00,73.04,predicted
925,2019-07-15 15:25:00,74.38,predicted
926,2019-07-15 15:26:00,71.67,predicted
927,2019-07-15 15:27:00,70.07,predicted
928,2019-07-15 15:28:00,70.26,predicted
929,2019-07-15 15:29:00,68.13,predicted
930,2019-07-15 15:30:00,67.03,predicted
931,2019-07-15 15:31:00,69.6,predicted
932,2019-07-15 15:32:00,67.18,predicted
933,2019-07-15 15:33:00,67.26,predicted
934,2019-07-15 15:34:00,68.6,predicted
935,2019-07-15 15:35:00,70.13,predicted
936,2019-07-15 15:36:00,67.24,predicted
937,2019-07-15 15:37:00,69.49,predicted
938,2019-07-15 15:38:00,68.15,predicted
939,2019-07-15 15:39:00,67.34,predicted
940,2019-07-15 15:40:00,67.16,predicted
941,2019-07-15 15:41:00,67.37,predicted
942,2019-07-15 15:42:00,68.51,predicted
943,2019-07-15 15:43:00,67.71,predicted
944,2019-07-15 15:44:00,68.65,predicted
945,2019-07-15 15:45:00,67.09,predicted
946,2019-07-15 15:46:00,67.91,predicted
947,2019-07-15 15:47:00,65.57,predicted
948,2019-07-15 15:48:00,64.52,predicted
949,2019-07-15 15:49:00,66.85,predicted
950,2019-07-15 15:50:00,67.76,predicted
951,2019-07-15 15:51:00,63.45,predicted
952,2019-07-15 15:52:00,65.05,predicted
953,2019-07-15 15:53:00,66.22,predicted
954,2019-07-15 15:54:00,65.1,predicted
955,2019-07-15 15:55:00,63.26,predicted
956,2019-07-15 15:56:00,68.82,predicted
957,2019-07-15 15:57:00,68.65,predicted
958,2019-07-15 15:58:00,69.72,predicted
959,2019-07-15 15:59:00,71.05,predicted
960,2019-07-15 16:00:00,72.38,predicted
961,2019-07-15 16:01:00,71.94,predicted
962,2019-07-15 16:02:00,69.47,predicted
963,2019-07-15 16:03:00,69.78,predicted
964,2019-07-15 16:04:00,65.67,predicted
965,2019-07-15 16:05:00,64.53,predicted
966,2019-07-15 16:06:00,63.99,predicted
967,2019-07-15 16:07:00,65.35,predicted
968,2019-07-15 16:08:00,64.09,predicted
969,2019-07-15 16:09:00,63.79,predicted
970,2019-07-15 16:10:00,67.51,predicted
971,2019-07-15 16:11:00,67.34,predicted
972,2019-07-15 16:12:00,67.09,predicted
973,2019-07-15 16:13:00,67.81,predicted
974,2019-07-15 16:14:00,72.24,predicted
975,2019-07-15 16:15:00,68.37,predicted
976,2019-07-15 16:16:00,68.91,predicted
977,2019-07-15 16:17:00,69.08,predicted
978,2019-07-15 16:18:00,68.43,predicted
979,2019-07-15 16:19:00,66.92,predicted
980,2019-07-15 16:20:00,67.48,predicted
981,2019-07-15 16:21:00,66.5,predicted
982,2019-07-15 16:22:00,64.63,predicted
983,2019-07-15 16:23:00,62.68,predicted
984,2019-07-15 16:24:00,63.66,predicted
985,2019-07-15 16:25:00,66.14,predicted
986,2019-07-15 16:26:00,67.44,predicted
987,2019-07-15 16:27:00,72.26,predicted
988,2019-07-15 16:28:00,73.83,predicted
989,2019-07-15 16:29:00,71.14,predicted
990,2019-07-15 16:30:00,70.46,predicted
991,2019-07-15 16:31:00,72.25,predicted
992,2019-07-15 16:32:00,70.72,predicted
993,2019-07-15 16:33:00,69.73,predicted
994,2019-07-15 16:34:00,71.88,predicted
995,2019-07-15 16:35:00,70.82,predicted
996,2019-07-15 16:36:00,69.9,predicted
997,2019-07-15 16:37:00,66.63,predicted
998,2019-07-15 16:38:00,67.3,predicted
999,2019-07-15 16:39:00,66.27,predicted
1000,2019-07-15 16:40:00,66.53,predicted
1001,2019-07-15 16:41:00,68.87,predicted
1002,2019-07-15 16:42:00,69.54,predicted
1003,2019-07-15 16:43:00,68.43,predicted
1004,2019-07-15 16:44:00,72.11,predicted
1005,2019-07-15 16:45:00,71.06,predicted
1006,2019-07-15 16:46:00,67.71,predicted
1007,2019-07-15 16:47:00,69.95,predicted
1008,2019-07-15 16:48:00,71.77,predicted
1009,2019-07-15 16:49:00,67.66,predicted
1010,2019-07-15 16:50:00,69.84,predicted
1011,2019-07-15 16:51:00,67.7,predicted
1012,2019-07-15 16:52:00,68.71,predicted
1013,2019-07-15 16:53:00,64.9,predicted
1014,2019-07-15 16:54:00,68.72,predicted
1015,2019-07-15 16:55:00,68.29,predicted
1016,2019-07-15 16:56:00,69.9,predicted
1017,2019-07-15 16:57:00,66.22,predicted
1018,2019-07-15 16:58:00,72.67,predicted
1019,2019-07-15 16:59:00,70.22,predicted
1020,2019-07-15 17:00:00,71.01,predicted
1021,2019-07-15 17:01:00,70.75,predicted
1022,2019-07-15 17:02:00,72.69,predicted
1023,2019-07-15 17:03:00,69.84,predicted
1024,2019-07-15 17:04:00,71.8,predicted
1025,2019-07-15 17:05:00,69.88,predicted
1026,2019-07-15 17:06:00,67.78,predicted
1027,2019-07-15 17:07:00,65.91,predicted
1028,2019-07-15 17:08:00,65.91,predicted
1029,2019-07-15 17:09:00,64.2,predicted
1030,2019-07-15 17:10:00,64.35,predicted
1031,2019-07-15 17:11:00,69.02,predicted
1032,2019-07-15 17:12:00,71.72,predicted
1033,2019-07-15 17:13:00,74.27,predicted
1034,2019-07-15 17:14:00,75.75,predicted
1035,2019-07-15 17:15:00,74.35,predicted
1036,2019-07-15 17:16:00,74.16,predicted
1037,2019-07-15 17:17:00,74.89,predicted
1038,2019-07-15 17:18:00,73.1,predicted
1039,2019-07-15 17:19:00,72.33,predicted
1040,2019-07-15 17:20:00,73.97,predicted
1041,2019-07-15 17:21:00,72.8,predicted
1042,2019-07-15 17:22:00,73.22,predicted
1043,2019-07-15 17:23:00,71.47,predicted
1044,2019-07-15 17:24:00,73.05,predicted
1045,2019-07-15 17:25:00,73.68,predicted
1046,2019-07-15 17:26:00,74.32,predicted
1047,2019-07-15 17:27:00,72.54,predicted
1048,2019-07-15 17:28:00,75.2,predicted
1049,2019-07-15 17:29:00,74.25,predicted
1050,2019-07-15 17:30:00,73.2,predicted
1051,2019-07-15 17:31:00,73.61,predicted
1052,2019-07-15 17:32:00,74.86,predicted
1053,2019-07-15 17:33:00,74.67,predicted
1054,2019-07-15 17:34:00,75.23,predicted
1055,2019-07-15 17:35:00,73.12,predicted
1056,2019-07-15 17:36:00,73.89,predicted
1057,2019-07-15 17:37:00,71.57,predicted
1058,2019-07-15 17:38:00,72.61,predicted
1059,2019-07-15 17:39:00,71.52,predicted
1060,2019-07-15 17:40:00,74.51,predicted
1061,2019-07-15 17:41:00,75.68,predicted
1062,2019-07-15 17:42:00,78.48,predicted
1063,2019-07-15 17:43:00,79.18,predicted
1064,2019-07-15 17:44:00,77.88,predicted
1065,2019-07-15 17:45:00,75.44,predicted
1066,2019-07-15 17:46:00,75.23,predicted
1067,2019-07-15 17:47:00,74.92,predicted
1068,2019-07-15 17:48:00,73.85,predicted
1069,2019-07-15 17:49:00,72.3,predicted
1070,2019-07-15 17:50:00,78.71,predicted
1071,2019-07-15 17:51:00,77.98,predicted
1072,2019-07-15 17:52:00,80.51,predicted
1073,2019-07-15 17:53:00,81.67,predicted
1074,2019-07-15 17:54:00,86.31,predicted
1075,2019-07-15 17:55:00,86.77,predicted
1076,2019-07-15 17:56:00,86.27,predicted
1077,2019-07-15 17:57:00,84.63,predicted
1078,2019-07-15 17:58:00,87.4,predicted
1079,2019-07-15 17:59:00,89.31,predicted
1080,2019-07-15 18:00:00,89.15,predicted
1081,2019-07-15 18:01:00,88.24,predicted
1082,2019-07-15 18:02:00,86.84,predicted
1083,2019-07-15 18:03:00,83.82,predicted
1084,2019-07-15 18:04:00,80.74,predicted
1085,2019-07-15 18:05:00,77.71,predicted
1086,2019-07-15 18:06:00,79.25,predicted
1087,2019-07-15 18:07:00,84.31,predicted
1088,2019-07-15 18:08:00,84.95,predicted
1089,2019-07-15 18:09:00,86.01,predicted
1090,2019-07-15 18:10:00,89.49,predicted
1091,2019-07-15 18:11:00,86.21,predicted
1092,2019-07-15 18:12:00,84.53,predicted
1093,2019-07-15 18:13:00,84.23,predicted
1094,2019-07-15 18:14:00,81.21,predicted
1095,2019-07-15 18:15:00,79.6,predicted
1096,2019-07-15 18:16:00,82.12,predicted
1097,2019-07-15 18:17:00,80.89,predicted
1098,2019-07-15 18:18:00,77.21,predicted
1099,2019-07-15 18:19:00,81.91,predicted
1100,2019-07-15 18:20:00,81.4,predicted
1101,2019-07-15 18:21:00,80.22,predicted
1102,2019-07-15 18:22:00,77.67,predicted
1103,2019-07-15 18:23:00,80.59,predicted
1104,2019-07-15 18:24:00,81.78,predicted
1105,2019-07-15 18:25:00,79.9,predicted
1106,2019-07-15 18:26:00,79.19,predicted
1107,2019-07-15 18:27:00,80.56,predicted
1108,2019-07-15 18:28:00,79.13,predicted
1109,2019-07-15 18:29:00,80.84,predicted
1110,2019-07-15 18:30:00,84.38,predicted
1111,2019-07-15 18:31:00,86.93,predicted
1112,2019-07-15 18:32:00,92.25,predicted
1113,2019-07-15 18:33:00,96.92,predicted
1114,2019-07-15 18:34:00,92.16,predicted
1115,2019-07-15 18:35:00,93.77,predicted
1116,2019-07-15 18:36:00,94.83,predicted
1117,2019-07-15 18:37:00,92.66,predicted
1118,2019-07-15 18:38:00,92.36,predicted
1119,2019-07-15 18:39:00,94.24,predicted
1120,2019-07-15 18:40:00,92.88,predicted
1121,2019-07-15 18:41:00,92.37,predicted
1122,2019-07-15 18:42:00,90.47,predicted
1123,2019-07-15 18:43:00,87.59,predicted
1124,2019-07-15 18:44:00,84.54,predicted
1125,2019-07-15 18:45:00,82.16,predicted
1126,2019-07-15 18:46:00,85.95,predicted
1127,2019-07-15 18:47:00,89.36,predicted
1128,2019-07-15 18:48:00,93.38,predicted
1129,2019-07-15 18:49:00,95.72,predicted
1130,2019-07-15 18:50:00,98.11,predicted
1131,2019-07-15 18:51:00,93.7,predicted
1132,2019-07-15 18:52:00,88.99,predicted
1133,2019-07-15 18:53:00,88.7,predicted
1134,2019-07-15 18:54:00,89.37,predicted
1135,2019-07-15 18:55:00,87.82,predicted
1136,2019-07-15 18:56:00,87.11,predicted
1137,2019-07-15 18:57:00,90.12,predicted
1138,2019-07-15 18:58:00,87.26,predicted
1139,2019-07-15 18:59:00,87.52,predicted
1140,2019-07-15 19:00:00,88.04,predicted
1141,2019-07-15 19:01:00,89.32,predicted
1142,2019-07-15 19:02:00,88.54,predicted
1143,2019-07-15 19:03:00,90.64,predicted
1144,2019-07-15 19:04:00,90.71,predicted
1145,2019-07-15 19:05:00,89.97,predicted
1146,2019-07-15 19:06:00,95.53,predicted
1147,2019-07-15 19:07:00,99.59,predicted
1148,2019-07-15 19:08:00,99.07,predicted
1149,2019-07-15 19:09:00,97.73,predicted
1150,2019-07-15 19:10:00,101.14,predicted
1151,2019-07-15 19:11:00,95.66,predicted
1152,2019-07-15 19:12:00,93.53,predicted
1153,2019-07-15 19:13:00,92.63,predicted
1154,2019-07-15 19:14:00,92.76,predicted
1155,2019-07-15 19:15:00,89.07,predicted
1156,2019-07-15 19:16:00,92.85,predicted
1157,2019-07-15 19:17:00,92.53,predicted
1158,2019-07-15 19:18:00,91.2,predicted
1159,2019-07-15 19:19:00,88.94,predicted
1160,2019-07-15 19:20:00,90.88,predicted
1161,2019-07-15 19:21:00,86.47,predicted
1162,2019-07-15 19:22:00,84.01,predicted
1163,2019-07-15 19:23:00,85.45,predicted
1164,2019-07-15 19:24:00,85.48,predicted
1165,2019-07-15 19:25:00,88.21,predicted
1166,2019-07-15 19:26:00,91.63,predicted
1167,2019-07-15 19:27:00,92.17,predicted
1168,2019-07-15 19:28:00,95.49,predicted
1169,2019-07-15 19:29:00,101.09,predicted
1170,2019-07-15 19:30:00,99.98,predicted
1171,2019-07-15 19:31:00,98.79,predicted
1172,2019-07-15 19:32:00,99.13,predicted
1173,2019-07-15 19:33:00,97.91,predicted
1174,2019-07-15 19:34:00,94.67,predicted
1175,2019-07-15 19:35:00,96.7,predicted
1176,2019-07-15 19:36:00,96.43,predicted
1177,2019-07-15 19:37:00,97.4,predicted
1178,2019-07-15 19:38:00,95.97,predicted
1179,2019-07-15 19:39:00,93.83,predicted
1180,2019-07-15 19:40:00,91.21,predicted
1181,2019-07-15 19:41:00,94.85,predicted
1182,2019-07-15 19:42:00,96.44,predicted
1183,2019-07-15 19:43:00,99.58,predicted
1184,2019-07-15 19:44:00,105.12,predicted
1185,2019-07-15 19:45:00,104.8,predicted
1186,2019-07-15 19:46:00,98.85,predicted
1187,2019-07-15 19:47:00,93.02,predicted
1188,2019-07-15 19:48:00,88.46,predicted
1189,2019-07-15 19:49:00,85.89,predicted
1190,2019-07-15 19:50:00,86.89,predicted
1191,2019-07-15 19:51:00,87.81,predicted
1192,2019-07-15 19:52:00,91.36,predicted
1193,2019-07-15 19:53:00,94.23,predicted
1194,2019-07-15 19:54:00,97.42,predicted
1195,2019-07-15 19:55:00,98.3,predicted
1196,2019-07-15 19:56:00,100.69,predicted
1197,2019-07-15 19:57:00,102.66,predicted
1198,2019-07-15 19:58:00,98.3,predicted
1199,2019-07-15 19:59:00,98.57,predicted
1200,2019-07-15 20:00:00,96.38,predicted
1201,2019-07-15 20:01:00,96.61,predicted
1202,2019-07-15 20:02:00,94.13,predicted
1203,2019-07-15 20:03:00,95.03,predicted
1204,2019-07-15 20:04:00,93.94,predicted
1205,2019-07-15 20:05:00,92.8,predicted
1206,2019-07-15 20:06:00,93.59,predicted
1207,2019-07-15 20:07:00,93.46,predicted
1208,2019-07-15 20:08:00,97.5,predicted
1209,2019-07-15 20:09:00,93.46,predicted
1210,2019-07-15 20:10:00,93.84,predicted
1211,2019-07-15 20:11:00,94.93,predicted
1212,2019-07-15 20:12:00,97.85,predicted
1213,2019-07-15 20:13:00,97.87,predicted
1214,2019-07-15 20:14:00,99.19,predicted
1215,2019-07-15 20:15:00,103.21,predicted
1216,2019-07-15 20:16:00,99.99,predicted
1217,2019-07-15 20:17:00,101.46,predicted
1218,2019-07-15 20:18:00,100.19,predicted
1219,2019-07-15 20:19:00,102.6,predicted
1220,2019-07-15 20:20:00,101.39,predicted
1221,2019-07-15 20:21:00,101.6,predicted
1222,2019-07-15 20:22:00,100.54,predicted
1223,2019-07-15 20:23:00,101.42,predicted
1224,2019-07-15 20:24:00,100.96,predicted
1225,2019-07-15 20:25:00,97.93,predicted
1226,2019-07-15 20:26:00,97.2,predicted
1227,2019-07-15 20:27:00,95.01,predicted
1228,2019-07-15 20:28:00,94.32,predicted
1229,2019-07-15 20:29:00,92.83,predicted
1230,2019-07-15 20:30:00,90.66,predicted
1231,2019-07-15 20:31:00,92.44,predicted
1232,2019-07-15 20:32:00,92.01,predicted
1233,2019-07-15 20:33:00,96.13,predicted
1234,2019-07-15 20:34:00,93.09,predicted
1235,2019-07-15 20:35:00,97.31,predicted
1236,2019-07-15 20:36:00,95.74,predicted
1237,2019-07-15 20:37:00,93.31,predicted
1238,2019-07-15 20:38:00,89.67,predicted
1239,2019-07-15 20:39:00,89.08,predicted
1240,2019-07-15 20:40:00,86.3,predicted
1241,2019-07-15 20:41:00,87.49,predicted
1242,2019-07-15 20:42:00,91.31,predicted
1243,2019-07-15 20:43:00,91.66,predicted
1244,2019-07-15 20:44:00,94.75,predicted
1245,2019-07-15 20:45:00,98.22,predicted
1246,2019-07-15 20:46:00,96.66,predicted
1247,2019-07-15 20:47:00,98.1,predicted
1248,2019-07-15 20:48:00,96.33,predicted
1249,2019-07-15 20:49:00,96.4,predicted
1250,2019-07-15 20:50:00,96.07,predicted
1251,2019-07-15 20:51:00,92.48,predicted
1252,2019-07-15 20:52:00,88.87,predicted
1253,2019-07-15 20:53:00,86.13,predicted
1254,2019-07-15 20:54:00,83.97,predicted
1255,2019-07-15 20:55:00,79.61,predicted
1256,2019-07-15 20:56:00,81.91,predicted
1257,2019-07-15 20:57:00,77.23,predicted
1258,2019-07-15 20:58:00,80.36,predicted
1259,2019-07-15 20:59:00,77.83,predicted
1260,2019-07-15 21:00:00,78.07,predicted
1261,2019-07-15 21:01:00,77.72,predicted
1262,2019-07-15 21:02:00,81.8,predicted
1263,2019-07-15 21:03:00,77.29,predicted
1264,2019-07-15 21:04:00,79.54,predicted
1265,2019-07-15 21:05:00,77.59,predicted
1266,2019-07-15 21:06:00,76.98,predicted
1267,2019-07-15 21:07:00,76.31,predicted
1268,2019-07-15 21:08:00,77.94,predicted
1269,2019-07-15 21:09:00,77.24,predicted
1270,2019-07-15 21:10:00,78.26,predicted
1271,2019-07-15 21:11:00,80.13,predicted
1272,2019-07-15 21:12:00,80.57,predicted
1273,2019-07-15 21:13:00,81.25,predicted
1274,2019-07-15 21:14:00,81.73,predicted
1275,2019-07-15 21:15:00,82.35,predicted
1276,2019-07-15 21:16:00,82.88,predicted
1277,2019-07-15 21:17:00,80.72,predicted
1278,2019-07-15 21:18:00,77.71,predicted
1279,2019-07-15 21:19:00,81.24,predicted
1280,2019-07-15 21:20:00,79.86,predicted
1281,2019-07-15 21:21:00,76.2,predicted
1282,2019-07-15 21:22:00,79.13,predicted
1283,2019-07-15 21:23:00,80.23,predicted
1284,2019-07-15 21:24:00,74.58,predicted
1285,2019-07-15 21:25:00,74.57,predicted
1286,2019-07-15 21:26:00,74.22,predicted
1287,2019-07-15 21:27:00,72.33,predicted
1288,2019-07-15 21:28:00,71.81,predicted
1289,2019-07-15 21:29:00,70.6,predicted
1290,2019-07-15 21:30:00,70.12,predicted
1291,2019-07-15 21:31:00,71.38,predicted
1292,2019-07-15 21:32:00,71.39,predicted
1293,2019-07-15 21:33:00,70.52,predicted
1294,2019-07-15 21:34:00,71.47,predicted
1295,2019-07-15 21:35:00,75.11,predicted
1296,2019-07-15 21:36:00,72.33,predicted
1297,2019-07-15 21:37:00,71.12,predicted
1298,2019-07-15 21:38:00,68.0,predicted
1299,2019-07-15 21:39:00,71.5,predicted
1300,2019-07-15 21:40:00,67.35,predicted
1301,2019-07-15 21:41:00,70.12,predicted
1302,2019-07-15 21:42:00,67.68,predicted
1303,2019-07-15 21:43:00,69.54,predicted
1304,2019-07-15 21:44:00,66.59,predicted
1305,2019-07-15 21:45:00,66.57,predicted
1306,2019-07-15 21:46:00,65.23,predicted
1307,2019-07-15 21:47:00,66.45,predicted
1308,2019-07-15 21:48:00,70.33,predicted
1309,2019-07-15 21:49:00,69.42,predicted
1310,2019-07-15 21:50:00,70.97,predicted
1311,2019-07-15 21:51:00,69.33,predicted
1312,2019-07-15 21:52:00,68.56,predicted
1313,2019-07-15 21:53:00,65.12,predicted
1314,2019-07-15 21:54:00,66.69,predicted
1315,2019-07-15 21:55:00,61.78,predicted
1316,2019-07-15 21:56:00,64.34,predicted
1317,2019-07-15 21:57:00,62.07,predicted
1318,2019-07-15 21:58:00,61.0,predicted
1319,2019-07-15 21:59:00,59.17,predicted
1320,2019-07-15 22:00:00,59.31,predicted
1321,2019-07-15 22:01:00,55.49,predicted
1322,2019-07-15 22:02:00,55.72,predicted
1323,2019-07-15 22:03:00,51.31,predicted
1324,2019-07-15 22:04:00,51.56,predicted
1325,2019-07-15 22:05:00,50.9,predicted
1326,2019-07-15 22:06:00,50.81,predicted
1327,2019-07-15 22:07:00,51.09,predicted
1328,2019-07-15 22:08:00,55.96,predicted
1329,2019-07-15 22:09:00,53.51,predicted
1330,2019-07-15 22:10:00,53.92,predicted
1331,2019-07-15 22:11:00,51.35,predicted
1332,2019-07-15 22:12:00,47.76,predicted
1333,2019-07-15 22:13:00,42.73,predicted
1334,2019-07-15 22:14:00,40.54,predicted
1335,2019-07-15 22:15:00,37.41,predicted
1336,2019-07-15 22:16:00,39.32,predicted
1337,2019-07-15 22:17:00,40.84,predicted
1338,2019-07-15 22:18:00,40.74,predicted
1339,2019-07-15 22:19:00,41.45,predicted
1340,2019-07-15 22:20:00,44.82,predicted
1341,2019-07-15 22:21:00,44.82,predicted
1342,2019-07-15 22:22:00,46.49,predicted
1343,2019-07-15 22:23:00,46.24,predicted
1344,2019-07-15 22:24:00,46.75,predicted
1345,2019-07-15 22:25:00,44.18,predicted
1346,2019-07-15 22:26:00,43.46,predicted
1347,2019-07-15 22:27:00,42.5,predicted
1348,2019-07-15 22:28:00,45.02,predicted
1349,2019-07-15 22:29:00,42.0,predicted
1350,2019-07-15 22:30:00,41.15,predicted
1351,2019-07-15 22:31:00,40.62,predicted
1352,2019-07-15 22:32:00,39.92,predicted
1353,2019-07-15 22:33:00,39.91,predicted
1354,2019-07-15 22:34:00,39.56,predicted
1355,2019-07-15 22:35:00,41.81,predicted
1356,2019-07-15 22:36:00,42.56,predicted
1357,2019-07-15 22:37:00,43.66,predicted
1358,2019-07-15 22:38:00,41.42,predicted
1359,2019-07-15 22:39:00,45.33,predicted
1360,2019-07-15 22:40:00,45.49,predicted
1361,2019-07-15 22:41:00,45.47,predicted
1362,2019-07-15 22:42:00,45.02,predicted
1363,2019-07-15 22:43:00,45.29,predicted
1364,2019-07-15 22:44:00,43.66,predicted
1365,2019-07-15 22:45:00,45.27,predicted
1366,2019-07-15 22:46:00,48.6,predicted
1367,2019-07-15 22:47:00,52.35,predicted
1368,2019-07-15 22:48:00,56.48,predicted
1369,2019-07-15 22:49:00,58.79,predicted
1370,2019-07-15 22:50:00,57.37,predicted
1371,2019-07-15 22:51:00,53.11,predicted
1372,2019-07-15 22:52:00,49.24,predicted
1373,2019-07-15 22:53:00,46.11,predicted
1374,2019-07-15 22:54:00,45.4,predicted
1375,2019-07-15 22:55:00,45.25,predicted
1376,2019-07-15 22:56:00,46.43,predicted
1377,2019-07-15 22:57:00,44.53,predicted
1378,2019-07-15 22:58:00,45.96,predicted
1379,2019-07-15 22:59:00,46.99,predicted
1380,2019-07-15 23:00:00,40.01,predicted
1381,2019-07-15 23:01:00,35.01,predicted
1382,2019-07-15 23:02:00,30.67,predicted
1383,2019-07-15 23:03:00,23.48,predicted
1384,2019-07-15 23:04:00,15.91,predicted
1385,2019-07-15 23:05:00,16.5,predicted
1386,2019-07-15 23:06:00,14.5,predicted
1387,2019-07-15 23:07:00,14.93,predicted
1388,2019-07-15 23:08:00,14.69,predicted
1389,2019-07-15 23:09:00,13.94,predicted
1390,2019-07-15 23:10:00,14.14,predicted
1391,2019-07-15 23:11:00,13.41,predicted
1392,2019-07-15 23:12:00,13.76,predicted
1393,2019-07-15 23:13:00,15.17,predicted
1394,2019-07-15 23:14:00,15.34,predicted
1395,2019-07-15 23:15:00,14.99,predicted
1396,2019-07-15 23:16:00,15.57,predicted
1397,2019-07-15 23:17:00,14.0,predicted
1398,2019-07-15 23:18:00,13.01,predicted
1399,2019-07-15 23:19:00,13.36,predicted
1400,2019-07-15 23:20:00,13.32,predicted
1401,2019-07-15 23:21:00,14.12,predicted
1402,2019-07-15 23:22:00,15.07,predicted
1403,2019-07-15 23:23:00,15.09,predicted
1404,2019-07-15 23:24:00,13.12,predicted
1405,2019-07-15 23:25:00,12.54,predicted
1406,2019-07-15 23:26:00,11.88,predicted
1407,2019-07-15 23:27:00,11.53,predicted
1408,2019-07-15 23:28:00,10.92,predicted
1409,2019-07-15 23:29:00,11.73,predicted
1410,2019-07-15 23:30:00,12.3,predicted
1411,2019-07-15 23:31:00,11.77,predicted
1412,2019-07-15 23:32:00,10.79,predicted
1413,2019-07-15 23:33:00,11.17,predicted
1414,2019-07-15 23:34:00,12.32,predicted
1415,2019-07-15 23:35:00,11.3,predicted
1416,2019-07-15 23:36:00,11.3,predicted
1417,2019-07-15 23:37:00,12.48,predicted
1418,2019-07-15 23:38:00,12.88,predicted
1419,2019-07-15 23:39:00,11.48,predicted
1420,2019-07-15 23:40:00,11.9,predicted
1421,2019-07-15 23:41:00,12.68,predicted
1422,2019-07-15 23:42:00,12.3,predicted
1423,2019-07-15 23:43:00,12.33,predicted
1424,2019-07-15 23:44:00,11.95,predicted
1425,2019-07-15 23:45:00,11.79,predicted
1426,2019-07-15 23:46:00,11.78,predicted
1427,2019-07-15 23:47:00,11.56,predicted
1428,2019-07-15 23:48:00,9.95,predicted
1429,2019-07-15 23:49:00,10.56,predicted
1430,2019-07-15 23:50:00,9.94,predicted
1431,2019-07-15 23:51:00,9.14,predicted
1432,2019-07-15 23:52:00,8.18,predicted
1433,2019-07-15 23:53:00,8.58,predicted
1434,2019-07-15 23:54:00,8.55,predicted
1435,2019-07-15 23:55:00,8.97,predicted
1436,2019-07-15 23:56:00,8.22,predicted
1437,2019-07-15 23:57:00,8.98,predicted
1438,2019-07-15 23:58:00,8.98,predicted
1439,2019-07-15 23:59:00,7.99,predicted
